"Number","Name","Type1","Type2","Total","HP","Attack","Defense","SpecialAtk","SpecialDef","Speed","Generation","Legendary"
152,"Chikorita","Grass",NA,318,45,49,65,49,65,45,2,FALSE
153,"Bayleef","Grass",NA,405,60,62,80,63,80,60,2,FALSE
154,"Meganium","Grass",NA,525,80,82,100,83,100,80,2,FALSE
155,"Cyndaquil","Fire",NA,309,39,52,43,60,50,65,2,FALSE
156,"Quilava","Fire",NA,405,58,64,58,80,65,80,2,FALSE
157,"Typhlosion","Fire",NA,534,78,84,78,109,85,100,2,FALSE
158,"Totodile","Water",NA,314,50,65,64,44,48,43,2,FALSE
159,"Croconaw","Water",NA,405,65,80,80,59,63,58,2,FALSE
160,"Feraligatr","Water",NA,530,85,105,100,79,83,78,2,FALSE
161,"Sentret","Normal",NA,215,35,46,34,35,45,20,2,FALSE
162,"Furret","Normal",NA,415,85,76,64,45,55,90,2,FALSE
163,"Hoothoot","Normal","Flying",262,60,30,30,36,56,50,2,FALSE
164,"Noctowl","Normal","Flying",452,100,50,50,86,96,70,2,FALSE
165,"Ledyba","Bug","Flying",265,40,20,30,40,80,55,2,FALSE
166,"Ledian","Bug","Flying",390,55,35,50,55,110,85,2,FALSE
167,"Spinarak","Bug","Poison",250,40,60,40,40,40,30,2,FALSE
168,"Ariados","Bug","Poison",400,70,90,70,60,70,40,2,FALSE
169,"Crobat","Poison","Flying",535,85,90,80,70,80,130,2,FALSE
170,"Chinchou","Water","Electric",330,75,38,38,56,56,67,2,FALSE
171,"Lanturn","Water","Electric",460,125,58,58,76,76,67,2,FALSE
172,"Pichu","Electric",NA,205,20,40,15,35,35,60,2,FALSE
173,"Cleffa","Fairy",NA,218,50,25,28,45,55,15,2,FALSE
174,"Igglybuff","Normal","Fairy",210,90,30,15,40,20,15,2,FALSE
175,"Togepi","Fairy",NA,245,35,20,65,40,65,20,2,FALSE
176,"Togetic","Fairy","Flying",405,55,40,85,80,105,40,2,FALSE
177,"Natu","Psychic","Flying",320,40,50,45,70,45,70,2,FALSE
178,"Xatu","Psychic","Flying",470,65,75,70,95,70,95,2,FALSE
179,"Mareep","Electric",NA,280,55,40,40,65,45,35,2,FALSE
180,"Flaaffy","Electric",NA,365,70,55,55,80,60,45,2,FALSE
181,"Ampharos","Electric",NA,510,90,75,85,115,90,55,2,FALSE
181,"AmpharosMega Ampharos","Electric","Dragon",610,90,95,105,165,110,45,2,FALSE
182,"Bellossom","Grass",NA,490,75,80,95,90,100,50,2,FALSE
183,"Marill","Water","Fairy",250,70,20,50,20,50,40,2,FALSE
184,"Azumarill","Water","Fairy",420,100,50,80,60,80,50,2,FALSE
185,"Sudowoodo","Rock",NA,410,70,100,115,30,65,30,2,FALSE
186,"Politoed","Water",NA,500,90,75,75,90,100,70,2,FALSE
187,"Hoppip","Grass","Flying",250,35,35,40,35,55,50,2,FALSE
188,"Skiploom","Grass","Flying",340,55,45,50,45,65,80,2,FALSE
189,"Jumpluff","Grass","Flying",460,75,55,70,55,95,110,2,FALSE
190,"Aipom","Normal",NA,360,55,70,55,40,55,85,2,FALSE
191,"Sunkern","Grass",NA,180,30,30,30,30,30,30,2,FALSE
192,"Sunflora","Grass",NA,425,75,75,55,105,85,30,2,FALSE
193,"Yanma","Bug","Flying",390,65,65,45,75,45,95,2,FALSE
194,"Wooper","Water","Ground",210,55,45,45,25,25,15,2,FALSE
195,"Quagsire","Water","Ground",430,95,85,85,65,65,35,2,FALSE
196,"Espeon","Psychic",NA,525,65,65,60,130,95,110,2,FALSE
197,"Umbreon","Dark",NA,525,95,65,110,60,130,65,2,FALSE
198,"Murkrow","Dark","Flying",405,60,85,42,85,42,91,2,FALSE
199,"Slowking","Water","Psychic",490,95,75,80,100,110,30,2,FALSE
200,"Misdreavus","Ghost",NA,435,60,60,60,85,85,85,2,FALSE
201,"Unown","Psychic",NA,336,48,72,48,72,48,48,2,FALSE
202,"Wobbuffet","Psychic",NA,405,190,33,58,33,58,33,2,FALSE
203,"Girafarig","Normal","Psychic",455,70,80,65,90,65,85,2,FALSE
204,"Pineco","Bug",NA,290,50,65,90,35,35,15,2,FALSE
205,"Forretress","Bug","Steel",465,75,90,140,60,60,40,2,FALSE
206,"Dunsparce","Normal",NA,415,100,70,70,65,65,45,2,FALSE
207,"Gligar","Ground","Flying",430,65,75,105,35,65,85,2,FALSE
208,"Steelix","Steel","Ground",510,75,85,200,55,65,30,2,FALSE
208,"SteelixMega Steelix","Steel","Ground",610,75,125,230,55,95,30,2,FALSE
209,"Snubbull","Fairy",NA,300,60,80,50,40,40,30,2,FALSE
210,"Granbull","Fairy",NA,450,90,120,75,60,60,45,2,FALSE
211,"Qwilfish","Water","Poison",440,65,95,85,55,55,85,2,FALSE
212,"Scizor","Bug","Steel",500,70,130,100,55,80,65,2,FALSE
212,"ScizorMega Scizor","Bug","Steel",600,70,150,140,65,100,75,2,FALSE
213,"Shuckle","Bug","Rock",505,20,10,230,10,230,5,2,FALSE
214,"Heracross","Bug","Fighting",500,80,125,75,40,95,85,2,FALSE
214,"HeracrossMega Heracross","Bug","Fighting",600,80,185,115,40,105,75,2,FALSE
215,"Sneasel","Dark","Ice",430,55,95,55,35,75,115,2,FALSE
216,"Teddiursa","Normal",NA,330,60,80,50,50,50,40,2,FALSE
217,"Ursaring","Normal",NA,500,90,130,75,75,75,55,2,FALSE
218,"Slugma","Fire",NA,250,40,40,40,70,40,20,2,FALSE
219,"Magcargo","Fire","Rock",430,60,50,120,90,80,30,2,FALSE
220,"Swinub","Ice","Ground",250,50,50,40,30,30,50,2,FALSE
221,"Piloswine","Ice","Ground",450,100,100,80,60,60,50,2,FALSE
222,"Corsola","Water","Rock",410,65,55,95,65,95,35,2,FALSE
223,"Remoraid","Water",NA,300,35,65,35,65,35,65,2,FALSE
224,"Octillery","Water",NA,480,75,105,75,105,75,45,2,FALSE
225,"Delibird","Ice","Flying",330,45,55,45,65,45,75,2,FALSE
226,"Mantine","Water","Flying",485,85,40,70,80,140,70,2,FALSE
227,"Skarmory","Steel","Flying",465,65,80,140,40,70,70,2,FALSE
228,"Houndour","Dark","Fire",330,45,60,30,80,50,65,2,FALSE
229,"Houndoom","Dark","Fire",500,75,90,50,110,80,95,2,FALSE
229,"HoundoomMega Houndoom","Dark","Fire",600,75,90,90,140,90,115,2,FALSE
230,"Kingdra","Water","Dragon",540,75,95,95,95,95,85,2,FALSE
231,"Phanpy","Ground",NA,330,90,60,60,40,40,40,2,FALSE
232,"Donphan","Ground",NA,500,90,120,120,60,60,50,2,FALSE
233,"Porygon2","Normal",NA,515,85,80,90,105,95,60,2,FALSE
234,"Stantler","Normal",NA,465,73,95,62,85,65,85,2,FALSE
235,"Smeargle","Normal",NA,250,55,20,35,20,45,75,2,FALSE
236,"Tyrogue","Fighting",NA,210,35,35,35,35,35,35,2,FALSE
237,"Hitmontop","Fighting",NA,455,50,95,95,35,110,70,2,FALSE
238,"Smoochum","Ice","Psychic",305,45,30,15,85,65,65,2,FALSE
239,"Elekid","Electric",NA,360,45,63,37,65,55,95,2,FALSE
240,"Magby","Fire",NA,365,45,75,37,70,55,83,2,FALSE
241,"Miltank","Normal",NA,490,95,80,105,40,70,100,2,FALSE
242,"Blissey","Normal",NA,540,255,10,10,75,135,55,2,FALSE
243,"Raikou","Electric",NA,580,90,85,75,115,100,115,2,TRUE
244,"Entei","Fire",NA,580,115,115,85,90,75,100,2,TRUE
245,"Suicune","Water",NA,580,100,75,115,90,115,85,2,TRUE
246,"Larvitar","Rock","Ground",300,50,64,50,45,50,41,2,FALSE
247,"Pupitar","Rock","Ground",410,70,84,70,65,70,51,2,FALSE
248,"Tyranitar","Rock","Dark",600,100,134,110,95,100,61,2,FALSE
248,"TyranitarMega Tyranitar","Rock","Dark",700,100,164,150,95,120,71,2,FALSE
249,"Lugia","Psychic","Flying",680,106,90,130,90,154,110,2,TRUE
250,"Ho-oh","Fire","Flying",680,106,130,90,110,154,90,2,TRUE
251,"Celebi","Psychic","Grass",600,100,100,100,100,100,100,2,FALSE
